domain,url,logo_url,filepath
mazda-autohaus-hellwig-hoyerswerda.de,https://mazda-autohaus-hellwig-hoyerswerda.de,https://www.assets.mazda-autohaus.de/assets/img/favicons/apple-icon.png,results\extracted_logos\mazda-autohaus-hellwig-hoyerswerda.de_0_def3a004d3.png
plameco-hannover.de,https://plameco-hannover.de,https://www.plameco-hannover.de/domains/plameco-hannover.de/media/DE_Plameco_Logo.png,results\extracted_logos\plameco-hannover.de_0_bc7d27db63.png
plameco-hannover.de,https://plameco-hannover.de,https://plameco-hannover.de/favicon.ico,results\extracted_logos\plameco-hannover.de_1_00c87cf2ea.ico
toyota-buchreiter-eisenstadt.at,https://toyota-buchreiter-eisenstadt.at,https://toyota-buchreiter-eisenstadt.at/images/45c48cce2e2d7fbdea1afc51c7c6ad26/buchreiterlogofertig.jpg,results\extracted_logos\toyota-buchreiter-eisenstadt.at_1_706892305b.jpg
toyota-buchreiter-eisenstadt.at,https://toyota-buchreiter-eisenstadt.at,https://www.toyota-buchreiter-eisenstadt.at/fav/apple-touch-icon.png,results\extracted_logos\toyota-buchreiter-eisenstadt.at_2_a292965f95.png
autosecuritas-ct-seysses.fr,https://autosecuritas-ct-seysses.fr,https://autosecuritas-ct-seysses.fr/public/img/common/CAPITAL_LOGO2025_Vertical_fondblanc.png,results\extracted_logos\autosecuritas-ct-seysses.fr_1_986dd63b6c.png
autosecuritas-ct-seysses.fr,https://autosecuritas-ct-seysses.fr,https://autosecuritas-ct-seysses.fr/public/img/common/AUTOSECURITAS_LOGO2025_Horizontal_fondnoir.png,results\extracted_logos\autosecuritas-ct-seysses.fr_2_2b72fa8d98.png
wurth-international.com,https://wurth-international.com,https://wurth-international.com/app/uploads/fbrfg/apple-touch-icon.png,results\extracted_logos\wurth-international.com_1_722d3148b0.png
kia-moeller-wunstorf.de,https://kia-moeller-wunstorf.de,https://kia-moeller-wunstorf.de/etc.clientlibs/settings/wcm/designs/eut/clientlib/resources/rbr/logo_kia_white-rbr.png,results\extracted_logos\kia-moeller-wunstorf.de_0_307a8bb9f8.png
kia-moeller-wunstorf.de,https://kia-moeller-wunstorf.de,https://kia-moeller-wunstorf.de/etc.clientlibs/settings/wcm/designs/eut/clientlib/resources/rbr/logo_kia_black-rbr.png,results\extracted_logos\kia-moeller-wunstorf.de_1_93a9aba4fc.png
kia-moeller-wunstorf.de,https://kia-moeller-wunstorf.de,https://kia-moeller-wunstorf.de/content/dam/kwcms/kme-dealer/de-dealer/de-2798-moeller/logo/kia-moeller-2798-logo-white.jpg,results\extracted_logos\kia-moeller-wunstorf.de_2_f734762f09.jpg
ibc-solar.jp,https://ibc-solar.jp,https://ibc-solar.jp/config/Resources/favicons/apple-touch-icon.png,results\extracted_logos\ibc-solar.jp_1_53c042afce.png
freseniusmedicalcare.ca,https://freseniusmedicalcare.ca,https://freseniusmedicalcare.ca/assets/images/logo.png,results\extracted_logos\freseniusmedicalcare.ca_0_05c2803572.png
freseniusmedicalcare.ca,https://freseniusmedicalcare.ca,https://freseniusmedicalcare.ca/assets/images/favicon/apple-touch-icon-57x57.png,results\extracted_logos\freseniusmedicalcare.ca_1_5eba646eac.png
ovb.ro,https://ovb.ro,https://ovb.ro/fileadmin/assets/_processed_/4/6/csm_headercarousel_003_f8a605755e.jpg,results\extracted_logos\ovb.ro_0_a4080a0d92.jpg
ovb.ro,https://ovb.ro,https://ovb.ro/fileadmin/assets/_processed_/5/a/csm_headercarousel_002_ff7c71adb6.jpg,results\extracted_logos\ovb.ro_1_dde559c74f.jpg
ovb.ro,https://ovb.ro,https://ovb.ro/fileadmin/assets/_processed_/0/f/csm_headercarousel_005_d310d90435.jpg,results\extracted_logos\ovb.ro_2_de27a6bd00.jpg
crocs.com.uy,https://crocs.com.uy,https://f.fcdn.app/imgs/b4e7b8/www.crocs.com.uy/crocuy/6cfe/webp/catalogo/CR10001_2610_1/800x800/crocs-classic-verde.jpg,results\extracted_logos\crocs.com.uy_1_a6d88f8d2a.jpg
crocs.com.uy,https://crocs.com.uy,https://f.fcdn.app/imgs/ee9ddd/www.crocs.com.uy/crocuy/277d/webp/catalogo/CR206990_15756_1/800x800/crocs-classic-ninos-pequenos-verde.jpg,results\extracted_logos\crocs.com.uy_2_75795fef47.jpg
synlab.com.tr,https://synlab.com.tr,https://synlab.com.tr/images/footer-logo.png,results\extracted_logos\synlab.com.tr_1_41be9ed51d.png
synlab.com.tr,https://synlab.com.tr,https://synlab.com.tr/templates/synlab/favicon.ico,results\extracted_logos\synlab.com.tr_2_8f8125660e.ico
cafelasmargaritas.es,https://cafelasmargaritas.es,https://cafelasmargaritas.es/wp-content/plugins/gdpr-cookie-compliance/dist/images/gdpr-logo.png,results\extracted_logos\cafelasmargaritas.es_1_5815bca375.png
affidea.ba,https://affidea.ba,https://affidea.ba/wp-content/themes/affidea/assets/img/favicon.png,results\extracted_logos\affidea.ba_2_32d40b2607.png
engie.co.uk,https://engie.co.uk,https://www.engie.co.uk/wp-content/uploads/2025/01/cropped-Royal-Highness-King-Charles-III-on-9-May-1984-2-32x32.png,results\extracted_logos\engie.co.uk_1_783b909501.png
bakertilly.lu,https://bakertilly.lu,https://bti-global.transforms.svdcdn.com/production/network/luxembourg/images/Seminaires/2025/header-seminaire-webhosting-2025-planning_2025-01-23-094032_ffut.jpg?w=1980&h=1134&auto=compress%2Cformat&fit=crop&dm=1737625232&s=9ad284ecf551715e6994c72ef4796004,results\extracted_logos\bakertilly.lu_1_ff244a1dbb.png
bakertilly.lu,https://bakertilly.lu,https://bti-global.transforms.svdcdn.com/production/network/luxembourg/images/Seminaires/2025/header-seminaire-webhosting-2025-planning_2025-01-23-094032_ffut.jpg?w=2880&h=960&auto=compress%2Cformat&fit=crop&dm=1737625232&s=38e4a5bcc6586c92d84cf49f2bcc1680,results\extracted_logos\bakertilly.lu_2_d3b77a1cce.png
spitex-wasseramt.ch,https://spitex-wasseramt.ch,https://spitex-wasseramt.ch/img/spitex2014/default/favicon.ico,results\extracted_logos\spitex-wasseramt.ch_1_b24beaea8d.ico
ccusa.co.nz,https://ccusa.co.nz,https://ccusa.co.nz/wp-content/uploads/2023/02/Logo_CCUSA_150-120.jpg,results\extracted_logos\ccusa.co.nz_0_b0bfdcd314.jpg
ccusa.co.nz,https://ccusa.co.nz,https://ccusa.co.nz/wp-content/uploads/2023/02/ccusa_Logo_wht_tranp.png,results\extracted_logos\ccusa.co.nz_1_cee74f11a0.png
nobleprog.mx,https://nobleprog.mx,https://nobleprog.mx/sites/hitrahr/files/client_logos//ebay.png,results\extracted_logos\nobleprog.mx_0_b5a18d07d7.png
nobleprog.mx,https://nobleprog.mx,https://nobleprog.mx/sites/hitrahr/files/client_logos//oxford-university-press.png,results\extracted_logos\nobleprog.mx_1_b245d45d71.png
nobleprog.mx,https://nobleprog.mx,https://nobleprog.mx/sites/hitrahr/files/client_logos//boeing_company.png,results\extracted_logos\nobleprog.mx_2_c62ad5bc7d.png
julis-sh.de,https://julis-sh.de,https://julis-sh.de/wp-content/uploads/2022/06/Logo-Junge-Liberale-768x588.png,results\extracted_logos\julis-sh.de_0_1ef73e9bf1.png
julis-sh.de,https://julis-sh.de,https://julis-sh.de/wp-content/uploads/2022/06/Logo-Junge-Liberale.png,results\extracted_logos\julis-sh.de_1_372bff14de.png
julis-sh.de,https://julis-sh.de,https://julis-sh.de/wp-content/uploads/2022/06/220605_Julia_Favicon_148-150x150.png,results\extracted_logos\julis-sh.de_2_ec71ece498.png
ebay.cn,https://ebay.cn,https://www.ebay.cn/newcms/style/index/logo.png,results\extracted_logos\ebay.cn_0_2cb81dbc20.png
ebay.cn,https://ebay.cn,https://www.ebay.cn/favicon.ico,results\extracted_logos\ebay.cn_1_0c8c585332.ico
veolia.com.ru,https://veolia.com.ru,https://veolia.com.ru/sites/g/files/dvc2936/files/styles/logo_mobile_base/public/themes/custom/veo_site/src/assets/images/logo.png?itok=QnV2LDHS,results\extracted_logos\veolia.com.ru_0_6e1471cab7.png
veolia.com.ru,https://veolia.com.ru,https://veolia.com.ru/themes/custom/veo_site/build/assets/images/temp/logo-sticky.png,results\extracted_logos\veolia.com.ru_1_6d8ca9694b.png
veolia.com.ru,https://veolia.com.ru,https://veolia.com.ru/themes/custom/veo_site/src/assets/icons/favicon.ico,results\extracted_logos\veolia.com.ru_2_e0943db0dd.ico
baywa-re.es,https://baywa-re.es,https://baywa-re.es/typo3conf/ext/gg_base/Resources/Public/country/dist/img/logo.png,results\extracted_logos\baywa-re.es_0_69e3a442dc.png
baywa-re.es,https://baywa-re.es,https://baywa-re.es/typo3conf/ext/gg_base/Resources/Public/country/dist/img/favicons/favicon.ico,results\extracted_logos\baywa-re.es_1_a1fd84e3f7.ico
deheus.com.vn,https://deheus.com.vn,https://deheus.com.vn/siteassets/icons/dhgenetics-logo_revised-version-1-1.png?width=36,results\extracted_logos\deheus.com.vn_0_b5e49035c6.png
deheus.com.vn,https://deheus.com.vn,https://deheus.com.vn/siteassets/others/logo-no-text-diap.png?height=120,results\extracted_logos\deheus.com.vn_1_0f51bb3995.png
deheus.com.vn,https://deheus.com.vn,https://deheus.com.vn/Assets/favicons/apple-touch-icon.png,results\extracted_logos\deheus.com.vn_2_e1487a842b.png
aamcoanaheim.net,https://aamcoanaheim.net,https://aamcoanaheim.net/images/logo.png,results\extracted_logos\aamcoanaheim.net_0_64805d534e.png
pirtek.be,https://pirtek.be,https://www.pirtek.be/wp-content/uploads/2021/03/Pirtek.png,results\extracted_logos\pirtek.be_0_22bb555a93.png
pirtek.be,https://pirtek.be,https://www.pirtek.be/wp-content/uploads/2021/12/logos-scaled-BE_1536x111.jpg,results\extracted_logos\pirtek.be_1_6abaa6e87f.jpg
pirtek.be,https://pirtek.be,https://www.pirtek.be/wp-content/uploads/2021/03/PIR_rgb_favicon-32.png,results\extracted_logos\pirtek.be_2_e46e6a517d.png
ebayglobalshipping.com,https://ebayglobalshipping.com,https://ebayglobalshipping.com/themes/custom/custom_barrio/app/images/favicon.ico,results\extracted_logos\ebayglobalshipping.com_1_f12541d0dd.ico
aamcoseguin.com,https://aamcoseguin.com,https://www.aamcoseguin.com/wp-content/uploads/2018/09/logo.png,results\extracted_logos\aamcoseguin.com_0_03cce7cae7.png
aamcoseguin.com,https://aamcoseguin.com,https://www.aamcoseguin.com/wp-content/uploads/2018/11/cropped-AAMCO_favicon-192x192.png ,results\extracted_logos\aamcoseguin.com_1_ad16f9411a.png 
aamcoconyersga.com,https://aamcoconyersga.com,https://aamcoconyersga.com/images/logo.png,results\extracted_logos\aamcoconyersga.com_0_ed41534e07.png
mazda-autohaus-kaschmieder-waren.de,https://mazda-autohaus-kaschmieder-waren.de,https://www.assets.mazda-autohaus.de/assets/img/favicons/apple-icon.png,results\extracted_logos\mazda-autohaus-kaschmieder-waren.de_0_def3a004d3.png
europa-union-sachsen-anhalt.de,https://europa-union-sachsen-anhalt.de,https://europa-union-sachsen-anhalt.de/fileadmin/_processed_/c/7/csm_EUD-LOGO_RGB_white_NEU_Final_ea90b230af.png,results\extracted_logos\europa-union-sachsen-anhalt.de_0_b87bdfab41.png
europa-union-sachsen-anhalt.de,https://europa-union-sachsen-anhalt.de,https://europa-union-sachsen-anhalt.de/fileadmin/_processed_/5/b/csm_2000px-Spinelli_Group_logo_9a1d5bf390.png,results\extracted_logos\europa-union-sachsen-anhalt.de_1_7858ebc37a.png
europa-union-sachsen-anhalt.de,https://europa-union-sachsen-anhalt.de,https://europa-union-sachsen-anhalt.de/fileadmin/_processed_/e/9/csm_BD_22-01-2025_Sharepic_Website_mit_Kampagnen-Logo_f9f6735b54.png,results\extracted_logos\europa-union-sachsen-anhalt.de_2_16108e7ed3.png
oil-testing.de,https://oil-testing.de,https://oil-testing.de/wp-content/uploads/2018/12/Logo-BV_update.png,results\extracted_logos\oil-testing.de_0_b13c07f287.png
oil-testing.de,https://oil-testing.de,https://oil-testing.de/wp-content/uploads/2021/07/cropped-BV_Logo_Grey_Pantone_404-removebg-preview-1-e1625230190692-32x32.png,results\extracted_logos\oil-testing.de_2_a3dc053fed.png
wurthsaudi.com,https://wurthsaudi.com,https://wurthsaudi.com/assets/img/logomob.png,results\extracted_logos\wurthsaudi.com_0_cecbe1e413.png
wurthsaudi.com,https://wurthsaudi.com,https://wurthsaudi.com/assets/img/logo4.png,results\extracted_logos\wurthsaudi.com_1_5e3696b7ae.png
wurthsaudi.com,https://wurthsaudi.com,https://wurthsaudi.com/assets/img/favicon1.png,results\extracted_logos\wurthsaudi.com_2_acdcdf69ce.png
bakertilly.es,https://bakertilly.es,https://bakertilly.es/apple-touch-icon.png,results\extracted_logos\bakertilly.es_1_a37d763ddc.png
allianz.nl,https://allianz.nl,https://allianz.nl/content/dam/onemarketing/system/favicon/AZ_Logo_eagle.png/_jcr_content/renditions/cq5dam.web.180.180.png,results\extracted_logos\allianz.nl_1_b12c6e883f.png
rsmpoland.pl,https://rsmpoland.pl,https://rsmpoland.pl/themes/custom/rsm_poland/logo%402x.webp,results\extracted_logos\rsmpoland.pl_0_957ec7d787.webp
rsmpoland.pl,https://rsmpoland.pl,https://www.rsmpoland.pl/themes/custom/rsm_poland/images/favicons/favicon.ico,results\extracted_logos\rsmpoland.pl_1_e3cca5c008.ico
bmw-motorrad-euromotos-lyon.fr,https://bmw-motorrad-euromotos-lyon.fr,https://bmw-motorrad-euromotos-lyon.fr/img/bmw-motorrad-6eme-avenue-bourgoin-concessionnaire-logo-1431434954.jpg,results\extracted_logos\bmw-motorrad-euromotos-lyon.fr_0_6b07067972.jpg
bmw-motorrad-euromotos-lyon.fr,https://bmw-motorrad-euromotos-lyon.fr,https://bmw-motorrad-euromotos-lyon.fr/img/favicon.ico?1669278719,results\extracted_logos\bmw-motorrad-euromotos-lyon.fr_2_f4b68117eb.png
mazda-autohaus-lackmann-sendenhorst.de,https://mazda-autohaus-lackmann-sendenhorst.de,https://www.assets.mazda-autohaus.de/assets/img/favicons/apple-icon.png,results\extracted_logos\mazda-autohaus-lackmann-sendenhorst.de_0_def3a004d3.png
secureparkinghi.com,https://secureparkinghi.com,https://www.secureparkinghi.com/wp-content/uploads/2017/12/SecureParkingLogo.png,results\extracted_logos\secureparkinghi.com_0_0cf276923d.png
secureparkinghi.com,https://secureparkinghi.com,https://www.secureparkinghi.com/wp-content/uploads/2021/10/Favicon.png,results\extracted_logos\secureparkinghi.com_1_5204f9e70e.png
menicon.de,https://menicon.de,https://menicon.de/_nuxt/img/42e17c7.png,results\extracted_logos\menicon.de_0_5eab6b7c7b.png
menicon.de,https://menicon.de,https://menicon.de/favicon.ico,results\extracted_logos\menicon.de_1_4f7eab8e63.ico
trinkgutlippstadt.de,https://trinkgutlippstadt.de,https://trinkgutlippstadt.de/wp-content/uploads/revslider/export2/logo2-1.png,results\extracted_logos\trinkgutlippstadt.de_0_4fdb3d4fdd.png
trinkgutlippstadt.de,https://trinkgutlippstadt.de,https://trinkgutlippstadt.de/wp-content/uploads/revslider/export2/image496x4962.png,results\extracted_logos\trinkgutlippstadt.de_1_91882b54ee.png
trinkgutlippstadt.de,https://trinkgutlippstadt.de,https://trinkgutcelle.de/TrinkgutCDN/tg_footer_logo.png,results\extracted_logos\trinkgutlippstadt.de_2_f848659528.png
bauder.lt,https://bauder.lt,https://bauder.lt/fileadmin/bilder/allgemein/icons/bauder_ipad_icon.png,results\extracted_logos\bauder.lt_1_e4502cc26c.png
berlitz-augsburg.de,https://berlitz-augsburg.de,https://berlitz-augsburg.de/static/6dab8053ae1913e69587d5128f552e9c/139c8/qmlogo.jpg,results\extracted_logos\berlitz-augsburg.de_0_41805a71aa.jpg
berlitz-augsburg.de,https://berlitz-augsburg.de,https://berlitz-augsburg.de/favicon-32x32.png?v=a9801145592d60e986594599316ccd3b,results\extracted_logos\berlitz-augsburg.de_1_163f6ed5c1.png
linde-gas.fi,https://linde-gas.fi,https://static.prd.echannel.linde.com/wcsstore/FI_REN_Industrial_Gas_Store/Assets/aga_logo.png,results\extracted_logos\linde-gas.fi_0_8b7f021d2d.png
linde-gas.fi,https://linde-gas.fi,https://linde-gas.fi/favicon.ico,results\extracted_logos\linde-gas.fi_1_cae6866bc4.ico
savethechildren.ca,https://savethechildren.ca,https://www.savethechildren.ca/wp-content/themes/stc/images/favicon.png,results\extracted_logos\savethechildren.ca_0_1c69fb75ff.png
svntrinity.com,https://svntrinity.com,https://svntrinity.com/wp-content/uploads/2019/06/SVNTrinityLogo-InvetedAsset-1.png,results\extracted_logos\svntrinity.com_0_50bb2a3eaf.png
svntrinity.com,https://svntrinity.com,https://svntrinity.com/wp-content/uploads/2019/06/svnicon.png,results\extracted_logos\svntrinity.com_1_f6932e61ac.png
zkteco.vn,https://zkteco.vn,https://zkteco.vn/public/static/modules/cms/images/logo.png,results\extracted_logos\zkteco.vn_0_71c96bf455.png
zkteco.vn,https://zkteco.vn,https://new-website-file.s3.ap-southeast-1.amazonaws.com/images/20211210/180197e5dfdfeee4e74ac04365df3b65.png,results\extracted_logos\zkteco.vn_1_732520d03f.png
intertongn.es,https://intertongn.es,https://intertongn.es/wp-content/uploads/2019/07/cropped-logo-interton-1-1-300x107.png,results\extracted_logos\intertongn.es_0_197361a606.png
intertongn.es,https://intertongn.es,https://intertongn.es/wp-content/uploads/2020/03/GN-logo-final.png,results\extracted_logos\intertongn.es_1_ea2b220ae1.png
intertongn.es,https://intertongn.es,https://intertongn.es/wp-content/uploads/2019/07/cropped-interton-favicom-100x100.jpg,results\extracted_logos\intertongn.es_2_25288289db.jpg
mateco.nl,https://mateco.nl,https://mateco.nl/fileadmin/_processed_/b/a/csm_Bildschirme_mockup_Logo_d6af3a19a9.jpg,results\extracted_logos\mateco.nl_2_872ee31ac8.jpg
orient-food.sk,https://orient-food.sk,https://cdn.myshoptet.com/usr/www.orient-food.sk/user/logos/sk_logo_2.png,results\extracted_logos\orient-food.sk_0_c89e5206cc.png
orient-food.sk,https://orient-food.sk,https://orient-food.sk/favicon.ico,results\extracted_logos\orient-food.sk_2_96e1b79988.ico
mazda-autohaus-roessel-birkenau.de,https://mazda-autohaus-roessel-birkenau.de,https://www.assets.mazda-autohaus.de/assets/img/favicons/apple-icon.png,results\extracted_logos\mazda-autohaus-roessel-birkenau.de_0_def3a004d3.png
ford.pl.ua,https://ford.pl.ua,https://ford.pl.ua/v163/favicon.ico,results\extracted_logos\ford.pl.ua_1_42ded9721d.ico
kapanfastigheter.se,https://kapanfastigheter.se,https://kapanfastigheter.se/wp-content/uploads/2023/06/cropped-favicon.png,results\extracted_logos\kapanfastigheter.se_0_69913c72ac.png
mazda-poznan-voyager.pl,https://mazda-poznan-voyager.pl,https://uploads.mazdalh.eu/uploads/sites/121674/master-content-logonormal.png?lm=63040f445170d13cd9befb1d4652d492,results\extracted_logos\mazda-poznan-voyager.pl_0_59a9356f2c.png
mazda-poznan-voyager.pl,https://mazda-poznan-voyager.pl,https://mazda-poznan-voyager.pl/Themes/templateTheme/images/favicon/apple-touch-icon.png,results\extracted_logos\mazda-poznan-voyager.pl_1_ba5df41eae.png
mazda-autohaus-wassing-ahaus-wuellen.de,https://mazda-autohaus-wassing-ahaus-wuellen.de,https://www.assets.mazda-autohaus.de/assets/img/favicons/apple-icon.png,results\extracted_logos\mazda-autohaus-wassing-ahaus-wuellen.de_0_def3a004d3.png
equans.hu,https://equans.hu,https://equans.hu/wp-content/uploads/equans-magyarorszag-logo.jpg,results\extracted_logos\equans.hu_0_4f6916af01.jpg
equans.hu,https://equans.hu,https://equans.hu/wp-content/uploads/2022/09/logo-white-300x87.png,results\extracted_logos\equans.hu_1_4b2ebfdfda.png
equans.hu,https://equans.hu,https://equans.hu/wp-content/uploads/cropped-favicon-32x32.png,results\extracted_logos\equans.hu_2_499192f2be.png
rheine.schule,https://rheine.schule,https://rheine.schule/wp-content/uploads/2017/07/cropped-Logo-Stadt-Rheine-Leben-an-der-Ems-in-Farbe-32x32.jpg,results\extracted_logos\rheine.schule_1_87388dec69.jpg
linexps.com,https://linexps.com,https://images.squarespace-cdn.com/content/v1/5fd92ad7ab943321efbb1f5f/1608068289856-1JKEDAF2LO5YETOD4S2P/logo_linex+%281%29.png?format=1500w,results\extracted_logos\linexps.com_0_aab2646fa5.png
linexps.com,https://linexps.com,https://images.squarespace-cdn.com/content/v1/5fd92ad7ab943321efbb1f5f/1608229260341-1MIHZY9GERKI3I7RC8AR/favicon.ico?format=100w,results\extracted_logos\linexps.com_1_bc0f019395.png
kia-suedmobile-radolfzell.de,https://kia-suedmobile-radolfzell.de,https://kia-suedmobile-radolfzell.de/etc.clientlibs/settings/wcm/designs/eut/clientlib/resources/rbr/logo_kia_white-rbr.png,results\extracted_logos\kia-suedmobile-radolfzell.de_0_4123470bd3.png
kia-suedmobile-radolfzell.de,https://kia-suedmobile-radolfzell.de,https://kia-suedmobile-radolfzell.de/etc.clientlibs/settings/wcm/designs/eut/clientlib/resources/rbr/logo_kia_black-rbr.png,results\extracted_logos\kia-suedmobile-radolfzell.de_1_5e0d65824a.png
kia-suedmobile-radolfzell.de,https://kia-suedmobile-radolfzell.de,https://kia-suedmobile-radolfzell.de/content/dam/kwcms/kme-dealer/de-dealer/de-single-2785-südmobile/logo/kia-de-logo-white-2785.jpg,results\extracted_logos\kia-suedmobile-radolfzell.de_2_562d09105f.jpg
bioderma.co.za,https://bioderma.co.za,https://bioderma.co.za/sites/za/files/styles/mobile_homepage_slider/public/2020-03/header%204%20by%20default_BIODERMA%20healthy%20pro_1920x1080_0.jpg?h=d1cb525d&itok=gd4F5AIS,results\extracted_logos\bioderma.co.za_0_688bb7d903.png
bioderma.co.za,https://bioderma.co.za,https://bioderma.co.za/themes/custom/bioderma_theme/favicon.ico,results\extracted_logos\bioderma.co.za_1_061e1d2c51.ico
avia.ch,https://avia.ch,https://avia.ch/apple-touch-icon-57x57.png,results\extracted_logos\avia.ch_0_958616c4c7.png
esseskincare.sg,https://esseskincare.sg,https://esseskincare.sg/wp-content/uploads/2024/09/Esse_logo_only_white_2020_transparent_optimized.png,results\extracted_logos\esseskincare.sg_0_cb96fce6f8.png
esseskincare.sg,https://esseskincare.sg,https://esseskincare.sg/wp-content/uploads/2022/02/esse_logo_normal.png,results\extracted_logos\esseskincare.sg_1_5ad240a9b7.png
esseskincare.sg,https://esseskincare.sg,https://esseskincare.sg/wp-content/uploads/2024/09/esse_logo_darker2.png,results\extracted_logos\esseskincare.sg_2_133c1305d8.png
williamblairfunds.com,https://williamblairfunds.com,https://williamblairfunds.com/SiteFiles/live/images/logos/wmb_logo.png,results\extracted_logos\williamblairfunds.com_0_fe84671d7e.png
williamblairfunds.com,https://williamblairfunds.com,https://williamblairfunds.com/SiteFiles/live/images/icons/cropped-android-chrome-512x512-32x32.png,results\extracted_logos\williamblairfunds.com_1_268160b9d1.png
kalyanmachines.com,https://kalyanmachines.com,https://www.kalyanmachines.com/wp-content/uploads/2024/01/cropped-Artboard-1-32x32.png,results\extracted_logos\kalyanmachines.com_0_53354a3ed4.png
cdviberica.com,https://cdviberica.com,https://www.cdviberica.com/wp-content/uploads/sites/11/2023/09/HOME_logo-people-100-900x506-1.jpg,results\extracted_logos\cdviberica.com_1_b4edec7257.jpg
cdviberica.com,https://cdviberica.com,https://www.cdviberica.com/wp-content/uploads/sites/11/2022/08/HEADER_K2-on-wall-min.png,results\extracted_logos\cdviberica.com_2_9de38a3797.png
mazda-autohaus-henseler-schwedt.de,https://mazda-autohaus-henseler-schwedt.de,https://www.assets.mazda-autohaus.de/assets/img/favicons/apple-icon.png,results\extracted_logos\mazda-autohaus-henseler-schwedt.de_0_def3a004d3.png
ibc-solar.pl,https://ibc-solar.pl,https://ibc-solar.pl/config/Resources/favicons/apple-touch-icon.png,results\extracted_logos\ibc-solar.pl_1_c139b82797.png
renaultsanzhispano.es,https://renaultsanzhispano.es,https://renaultsanzhispano.es/wp-content/uploads/2024/05/cropped-favicon-32x32.png,results\extracted_logos\renaultsanzhispano.es_1_de3ff4f5dc.png
toyotanatas.com.tr,https://toyotanatas.com.tr,https://toyotanatas.com.tr/Assets/img/logo.png,results\extracted_logos\toyotanatas.com.tr_0_c974acf19b.png
toyotanatas.com.tr,https://toyotanatas.com.tr,https://toyotanatas.com.tr/Assets/img/logo-olympics.png,results\extracted_logos\toyotanatas.com.tr_2_5d22c9385c.png
linde-gas.at,https://linde-gas.at,https://static.prd.echannel.linde.com/wcsstore/AT_REC_Industrial_Gas_Store/images/logo/linde_gas_logo.png,results\extracted_logos\linde-gas.at_0_b0d6de0e4a.png
linde-gas.at,https://linde-gas.at,https://static.prd.echannel.linde.com/wcsstore/AT_REC_Industrial_Gas_Store/images/marketing-website/Startseite/welcome_header_v1.jpg,results\extracted_logos\linde-gas.at_1_fd223abfeb.jpg
aamcodelran.com,https://aamcodelran.com,https://aamcodelran.com/images/logo.png,results\extracted_logos\aamcodelran.com_0_d02cc3d895.png
mazda.de,https://mazda.de,https://mazda.de/favicon-48x48.png,results\extracted_logos\mazda.de_0_294d44f9d1.png
wurth.co,https://wurth.co,https://wurth.co/favicon.png,results\extracted_logos\wurth.co_0_d922a2811b.png
mazda-autohaus-hansmann-kassel.de,https://mazda-autohaus-hansmann-kassel.de,https://www.assets.mazda-autohaus.de/assets/img/favicons/apple-icon.png,results\extracted_logos\mazda-autohaus-hansmann-kassel.de_0_def3a004d3.png
bbraun.rs,https://bbraun.rs,https://bbraun.rs/etc.clientlibs/settings/wcm/designs/clientlibs/bbraun/bbraun.static/resources/img/logo/logo.png,results\extracted_logos\bbraun.rs_0_a2be0da39a.png
bbraun.rs,https://bbraun.rs,https://bbraun.rs/etc.clientlibs/settings/wcm/designs/clientlibs/bbraun/bbraun.static/resources/img/favicon.ico,results\extracted_logos\bbraun.rs_1_e57e98d31a.ico
spitex-regionbirs.ch,https://spitex-regionbirs.ch,https://spitex-regionbirs.ch/img/spitex2022/default/favicon.ico,results\extracted_logos\spitex-regionbirs.ch_1_73ee00a024.ico
flashbay.ca,https://flashbay.ca,https://static.flashbay.ca/templates/images/flashbay_logo_ca.jpg?v=1581502754,results\extracted_logos\flashbay.ca_0_a88a3b9ba9.png
flashbay.ca,https://flashbay.ca,https://static.flashbay.ca/images/menu/branded_USBs_1.jpg?v=1633432976,results\extracted_logos\flashbay.ca_1_1f7b89e15b.png
flashbay.ca,https://flashbay.ca,https://static.flashbay.ca/images/menu/branded_USBs_14.jpg?v=1724937559,results\extracted_logos\flashbay.ca_2_6985fcdc89.png
compo.de,https://compo.de,https://www.compo.de/dam/jcr:fb6b7a19-7bab-4633-a29f-8125a85667cf/compo_logo_header.jpg?x=50&y=50,results\extracted_logos\compo.de_0_56248d7b64.png
compo.de,https://compo.de,https://www.compo.de/dam/jcr:8c2ce0bc-145a-466c-8a8e-36661d9eca24/COMPO_Logo_Footer@3x-1.jpg?x=50&y=50,results\extracted_logos\compo.de_1_003a278bd0.png
compo.de,https://compo.de,https://www.compo.de/dam/jcr:c912f64c-ed6f-4eb6-b5ef-b328cf2adcfa/apple-touch-icon-114x114.png,results\extracted_logos\compo.de_2_7a762440da.png
aamcobloomfield.com,https://aamcobloomfield.com,https://aamcobloomfield.com/images/logo.png,results\extracted_logos\aamcobloomfield.com_0_36fa080434.png
pkf-hk.com,https://pkf-hk.com,https://pkf-hk.com/favicon.ico,results\extracted_logos\pkf-hk.com_1_58e9de1655.ico
webster.nl,https://webster.nl,https://webster.nl/images/websterleidenlogo.png,results\extracted_logos\webster.nl_0_b9aa028c29.png
webster.nl,https://webster.nl,https://webster.nl/_resources/images/webster-leiden-logo-white_new.png,results\extracted_logos\webster.nl_1_c5936756d5.png
webster.nl,https://webster.nl,https://templates2020.webster.edu/_resources/images/favicons/apple-icon-57x57.png,results\extracted_logos\webster.nl_2_bf5d88cfd2.png
aamcosalemor.com,https://aamcosalemor.com,https://aamcosalemor.com/images/logo.png,results\extracted_logos\aamcosalemor.com_0_09e93e820a.png
einhell.ba,https://einhell.ba,https://einhell.ba/_assets/369fecbaddba51f6af024f761a766400/Assets/img/logo.png,results\extracted_logos\einhell.ba_0_7bcfb376db.png
einhell.ba,https://einhell.ba,https://einhell.ba/fileadmin/corporate-media/startpage/ecom-header/einhell-startpage-product-news-desktop.jpg,results\extracted_logos\einhell.ba_1_6f44e7e697.jpg
einhell.ba,https://einhell.ba,https://einhell.ba/fileadmin/corporate-media/startpage/ecom-header/einhell-startpage-product-news-tablet.jpg,results\extracted_logos\einhell.ba_2_ab1a13a9d5.jpg
subaru.jp,https://subaru.jp,https://scdam.subaru.jp/20200821/20200821085434head_logo.png,results\extracted_logos\subaru.jp_0_2cb9d14e92.png
subaru.jp,https://subaru.jp,https://subaru.jp/img/top/lineup_header_ttl.png?date=20190720,results\extracted_logos\subaru.jp_1_4ccd613a1c.png
subaru.jp,https://subaru.jp,https://subaru.jp/img/top/eyesight_header_ttl.png?date=20241227,results\extracted_logos\subaru.jp_2_b9ac537b3f.png
besins-healthcare.se,https://besins-healthcare.se,https://besins-auaug2cugffkh8b3.z01.azurefd.net/besinshealthcarese/assets/ByYourSideForLife_Logo_v2__02__1_23jYpoD.png,results\extracted_logos\besins-healthcare.se_0_29737c37de.png
besins-healthcare.se,https://besins-healthcare.se,https://besins-auaug2cugffkh8b3.z01.azurefd.net/besinshealthcarese/assets/ByYourSideForLife_Logo_v2__02__1_u9ri3WJ.png,results\extracted_logos\besins-healthcare.se_1_0099c2a67d.png
besins-healthcare.se,https://besins-healthcare.se,https://besins-healthcare.se/favicon.png,results\extracted_logos\besins-healthcare.se_2_a5b60ed046.png
cvjm-pfalz.de,https://cvjm-pfalz.de,https://cvjm-pfalz.de/system/getthumb/images/__tn1__ecics_13995_17884_1000_110.png,results\extracted_logos\cvjm-pfalz.de_0_a564d83b7e.png
cvjm-pfalz.de,https://cvjm-pfalz.de,https://cvjm-pfalz.de/system/getthumb/images/__tn1__ecics_13989_17878_1000_110.png,results\extracted_logos\cvjm-pfalz.de_1_4887f205bb.png
cvjm-pfalz.de,https://cvjm-pfalz.de,https://www.cvjm-pfalz.de/favicon.ico,results\extracted_logos\cvjm-pfalz.de_2_36f25071ff.ico
linde-electronics.com,https://linde-electronics.com,https://static.prd.echannel.linde.com/wcsstore/DE_REC_Industrial_Gas_Store/images/logo/linde_gas_logo.png,results\extracted_logos\linde-electronics.com_0_897bfd7f1e.png
linde-electronics.com,https://linde-electronics.com,https://linde-electronics.com/favicon.ico,results\extracted_logos\linde-electronics.com_1_83c000b9ff.ico
aamcowilliamsportpa.com,https://aamcowilliamsportpa.com,https://aamcowilliamsportpa.com/images/logo.png,results\extracted_logos\aamcowilliamsportpa.com_0_1e992c0077.png
tbwa.co.za,https://tbwa.co.za,https://tbwa.co.za/apple-icon-57x57.png,results\extracted_logos\tbwa.co.za_2_b73ac01b79.png
engie.pt,https://engie.pt,https://engie.pt/media/ao1l1ymf/logo-white-small_500x178.png,results\extracted_logos\engie.pt_0_008819486e.png
engie.pt,https://engie.pt,https://engie.pt/media/lhhfziog/logo-bottom_500x178.png,results\extracted_logos\engie.pt_2_e45cd369f9.png
medef-alsace.com,https://medef-alsace.com,https://medef-alsace.com/pictos/medef-logo-2021.png,results\extracted_logos\medef-alsace.com_0_f5ddfabb8e.png
medef-alsace.com,https://medef-alsace.com,https://medef-alsace.com/favicon.png,results\extracted_logos\medef-alsace.com_1_20aa750924.png
peugeot.sk,https://peugeot.sk,https://peugeot.sk/content/dam/peugeot/master/home/peugeot-logo.png,results\extracted_logos\peugeot.sk_0_bb8546c8df.png
peugeot.sk,https://peugeot.sk,https://peugeot.sk/content/dam/peugeot/master/home/peugeot-logo-alt.png,results\extracted_logos\peugeot.sk_1_e93c1116a9.png
peugeot.sk,https://peugeot.sk,https://peugeot.sk/etc/designs/peugeot/favicon.ico,results\extracted_logos\peugeot.sk_2_a2bd2687ff.ico
veolia.fr,https://veolia.fr,https://veolia.fr/sites/g/files/dvc2401/files/styles/logo_mobile_base/public/themes/custom/veo_site/src/assets/images/logo.png?itok=Q-csu_Yf,results\extracted_logos\veolia.fr_0_b1ac4c09b2.png
veolia.fr,https://veolia.fr,https://veolia.fr/themes/custom/veo_site/build/assets/images/temp/logo-sticky.png,results\extracted_logos\veolia.fr_1_a5f0523a34.png
veolia.fr,https://veolia.fr,https://veolia.fr/themes/custom/veo_site/src/assets/icons/favicon.ico,results\extracted_logos\veolia.fr_2_a254898571.ico
siebtechnik-tema.cn,https://siebtechnik-tema.cn,https://www.siebtechnik-tema.cn/wp-content/themes/tema/assets/images/logo.png,results\extracted_logos\siebtechnik-tema.cn_0_f14cb075c6.png
siebtechnik-tema.cn,https://siebtechnik-tema.cn,https://www.siebtechnik-tema.cn/wp-content/uploads/2017/05/Header-Branche-weitere-Branchen.jpg,results\extracted_logos\siebtechnik-tema.cn_1_e2f254f46d.jpg
siebtechnik-tema.cn,https://siebtechnik-tema.cn,https://www.siebtechnik-tema.cn/wp-content/uploads/2017/05/Header-Branche-Recycling-und-ZLD.jpg,results\extracted_logos\siebtechnik-tema.cn_2_547b4705ba.jpg
rsmthailand.com,https://rsmthailand.com,https://res.cloudinary.com/rsmglobal/image/fetch/t_default/f_auto/q_auto/https://www.rsm.global/thailand/profiles/rsm_global_platform/themes/rsm_global_platform_2022/images/logo@2x.png,results\extracted_logos\rsmthailand.com_0_72d12f2506.png
rsmthailand.com,https://rsmthailand.com,https://res.cloudinary.com/rsmglobal/image/fetch/t_default/f_auto/q_auto/https://www.rsm.global/thailand/profiles/rsm_global_platform/themes/rsm_global_platform_2022/images/favicons/favicon-32x32.png,results\extracted_logos\rsmthailand.com_1_f71f6faebb.png
spitex-wiggertal.ch,https://spitex-wiggertal.ch,https://spitex-wiggertal.ch/img/spitex2022/default/favicon.ico,results\extracted_logos\spitex-wiggertal.ch_1_c2c4778ce4.ico
meggle-bakery.com,https://meggle-bakery.com,https://cdn.meggle.com/uploads/sites/8/2024/06/MEGGLE-Bakery-Mini-Header-middle-Premium-pretzel-baguette-herb-butter-1.jpg?width=1024,results\extracted_logos\meggle-bakery.com_0_41617651b3.png
meggle-bakery.com,https://meggle-bakery.com,https://cdn.meggle.com/app/themes/meggle/public/images/clover-icon-32.512bfc.png,results\extracted_logos\meggle-bakery.com_1_8787357524.png
santillana.com.hn,https://santillana.com.hn,https://www.santillana.com.hn/wp-content/uploads/sites/16/2024/09/logo-santillana_01.png,results\extracted_logos\santillana.com.hn_0_102fca2938.png
santillana.com.hn,https://santillana.com.hn,https://www.santillana.com.hn/wp-content/uploads/sites/16/2024/09/catalogo-libro2.png,results\extracted_logos\santillana.com.hn_1_93485acff4.png
santillana.com.hn,https://santillana.com.hn,https://www.santillana.com.hn/wp-content/uploads/sites/16/2024/09/logo-santillana-2.png,results\extracted_logos\santillana.com.hn_2_33354f885d.png
strabag-pfs.com,https://strabag-pfs.com,https://strabag-pfs.com/site/strabag-company-locale/get/params_E933492550_N198x118!/1067467/xLogo_ZIA.png.pagespeed.ic.JyE1T0NbZs.webp,results\extracted_logos\strabag-pfs.com_0_d795ae3c5e.webp
strabag-pfs.com,https://strabag-pfs.com,https://strabag-pfs.com/site/strabag-company-locale/get/params_E-116428979_N297x177!/1067424/xgefma.png.pagespeed.ic.jvtYDkRyY2.webp,results\extracted_logos\strabag-pfs.com_1_c9db8045df.webp
strabag-pfs.com,https://strabag-pfs.com,https://strabag-pfs.com/site/strabag-company-locale/get/params_E1662654714_N297x177!/1067477/xRealFM.png.pagespeed.ic.Wpqi5GDW3R.webp,results\extracted_logos\strabag-pfs.com_2_3b22f4ae7c.webp
autosecuritas-barlin.fr,https://autosecuritas-barlin.fr,https://autosecuritas-barlin.fr/public/img/common/CAPITAL_LOGO2025_Vertical_fondblanc.png,results\extracted_logos\autosecuritas-barlin.fr_1_6c63a0752d.png
autosecuritas-barlin.fr,https://autosecuritas-barlin.fr,https://autosecuritas-barlin.fr/public/img/common/AUTOSECURITAS_LOGO2025_Horizontal_fondnoir.png,results\extracted_logos\autosecuritas-barlin.fr_2_40c8e46bb5.png
aamco-councilbluffs.com,https://aamco-councilbluffs.com,https://www.aamco-councilbluffs.com/wp-content/uploads/2018/09/logo.png,results\extracted_logos\aamco-councilbluffs.com_0_be5d9c7adb.png
aamco-councilbluffs.com,https://aamco-councilbluffs.com,https://www.aamco-councilbluffs.com/wp-content/uploads/2025/01/Transmission-Repair_WINNER_2025-logo-257x300.jpg,results\extracted_logos\aamco-councilbluffs.com_1_4994a68a33.jpg
aamco-councilbluffs.com,https://aamco-councilbluffs.com,https://www.aamco-councilbluffs.com/wp-content/uploads/2018/09/Hero_homepageimage2_web-1024x398-1.jpg,results\extracted_logos\aamco-councilbluffs.com_2_719ead9357.jpg
adra.org.pe,https://adra.org.pe,https://adra.org.pe/wp-content/uploads/2022/03/ADRA-Horizontal-Logo-1024x272.png,results\extracted_logos\adra.org.pe_0_03e7dc65a6.png
adra.org.pe,https://adra.org.pe,https://adra.org.pe/wp-content/uploads/2022/03/ADRA-Vertical-Logo-WHT.png,results\extracted_logos\adra.org.pe_1_e88e54a9a8.png
adra.org.pe,https://adra.org.pe,https://adra.org.pe/wp-content/uploads/2022/03/adra-fav-150x150.png,results\extracted_logos\adra.org.pe_2_3e0c6a1849.png
mazda-autohaus-sturne-rochlitz.de,https://mazda-autohaus-sturne-rochlitz.de,https://www.assets.mazda-autohaus.de/assets/img/favicons/apple-icon.png,results\extracted_logos\mazda-autohaus-sturne-rochlitz.de_0_def3a004d3.png
nutriciababy.be,https://nutriciababy.be,"https://smartmedia.digital4danone.com/is/image/danonecs/nutricia-voor-jou-logo-125yrs?qlt=90&ts=1703167801792&size=900,900&fmt=png-alpha&dpr=off",results\extracted_logos\nutriciababy.be_2_e9d32e8d47.png
inductotherm.co.kr,https://inductotherm.co.kr,https://inductotherm.co.kr/wp-content/uploads/sites/38/2019/06/cropped-inductotherm-icon-1-32x32.png,results\extracted_logos\inductotherm.co.kr_1_9b98e002b1.png
aamcocatonsvillemd.com,https://aamcocatonsvillemd.com,https://aamcocatonsvillemd.com/images/logo.png,results\extracted_logos\aamcocatonsvillemd.com_0_99a5fb893c.png
renault.dk,https://renault.dk,https://renault.dk/-/media/Project/Hedin/Navigo/Renault/Models/Electric-cars/R5volution%20E-tech%20electric/HeroBanner/Renault_Web_Header_R5_COTY_Mobil_719x961_4,results\extracted_logos\renault.dk_1_55f37d9de4.png
renault.dk,https://renault.dk,https://renault.dk/-/media/Project/Hedin/Navigo/Renault/Models/Electric-cars/Scenic%20E-Tech%20electric/mp4/Renault_Web_Header_Blurb_Scenic_Mobil_719x961_3,results\extracted_logos\renault.dk_2_0fe35211d9.png
mazda-autohaus-blank-dinkelsbuehl.de,https://mazda-autohaus-blank-dinkelsbuehl.de,https://www.assets.mazda-autohaus.de/assets/img/favicons/apple-icon.png,results\extracted_logos\mazda-autohaus-blank-dinkelsbuehl.de_0_def3a004d3.png
meggle.co.jp,https://meggle.co.jp,https://cdn.meggle.com/app/themes/meggle/public/images/clover-icon-32.512bfc.png,results\extracted_logos\meggle.co.jp_0_8787357524.png
amnesty.is,https://amnesty.is,https://amnesty.is/favicons/apple-touch-icon.png,results\extracted_logos\amnesty.is_1_3271173775.png
mazdabali.co.id,https://mazdabali.co.id,https://mazdabali.co.id/wp-content/uploads/2021/09/logo.png,results\extracted_logos\mazdabali.co.id_0_72a2bd87cf.png
mazdabali.co.id,https://mazdabali.co.id,https://mazdabali.co.id/wp-content/uploads/2021/09/icon-150x150.png,results\extracted_logos\mazdabali.co.id_1_114f01ddfe.png
veolia.ca,https://veolia.ca,https://veolia.ca/sites/g/files/dvc2386/files/styles/logo_mobile_base/public/logo-veolia.png?itok=j42mc2Hn,results\extracted_logos\veolia.ca_0_afd0357cce.png
veolia.ca,https://veolia.ca,https://veolia.ca/themes/custom/veo_site/build/assets/images/temp/logo-sticky.png,results\extracted_logos\veolia.ca_1_4d637739dc.png
veolia.ca,https://veolia.ca,https://veolia.ca/sites/g/files/dvc2386/files/styles/crop_freeform/public/image/2023/10/hp-header-001-ca.jpg?itok=Y-80hIFb,results\extracted_logos\veolia.ca_2_84d187d0c7.png
linde.pe,https://linde.pe,https://assets.linde.com/-/media/shared/logo/linde-logo-desktop.png,results\extracted_logos\linde.pe_0_aa6cb007b2.png
linde.pe,https://linde.pe,https://assets.linde.com/-/media/shared/logo/linde-logo-tablet.png,results\extracted_logos\linde.pe_1_5229b5d2a5.png
linde.pe,https://linde.pe,https://assets.linde.com/-/media/shared/logo/linde-logo-mobile.png,results\extracted_logos\linde.pe_2_0c55a1e074.png
subaru.nc,https://subaru.nc,https://subaru.nc/wp-content/uploads/logo-subaru-theme.png,results\extracted_logos\subaru.nc_0_9361ed27b0.png
subaru.nc,https://subaru.nc,https://subaru.nc/wp-content/uploads/SUBARU-campagne-e-BOXER-HEADER-SITE2.jpg,results\extracted_logos\subaru.nc_1_732a3f84ae.jpg
subaru.nc,https://subaru.nc,https://subaru.nc/wp-content/uploads/SUBARU-campagne-CROSSTREK-V2-HEADER-SITE.jpg,results\extracted_logos\subaru.nc_2_936d1f7c38.jpg
mazda-autohaus-becker-homburg-bruchhof.de,https://mazda-autohaus-becker-homburg-bruchhof.de,https://www.assets.mazda-autohaus.de/assets/img/favicons/apple-icon.png,results\extracted_logos\mazda-autohaus-becker-homburg-bruchhof.de_0_def3a004d3.png
vitalimages.com,https://vitalimages.com,https://www.mi.medical.canon/favicon.ico,results\extracted_logos\vitalimages.com_1_395cf04d98.ico
kia-gorny-eislingen.de,https://kia-gorny-eislingen.de,https://kia-gorny-eislingen.de/etc.clientlibs/settings/wcm/designs/eut/clientlib/resources/rbr/logo_kia_white-rbr.png,results\extracted_logos\kia-gorny-eislingen.de_0_3a4d33f3ed.png
kia-gorny-eislingen.de,https://kia-gorny-eislingen.de,https://kia-gorny-eislingen.de/etc.clientlibs/settings/wcm/designs/eut/clientlib/resources/rbr/logo_kia_black-rbr.png,results\extracted_logos\kia-gorny-eislingen.de_1_6f9ed7f174.png
kia-gorny-eislingen.de,https://kia-gorny-eislingen.de,https://kia-gorny-eislingen.de/content/dam/kwcms/kme-dealer/de-dealer/de-single-2486-doris-gorny/logo/kia-de-logo-white-2486.png,results\extracted_logos\kia-gorny-eislingen.de_2_14df550d56.png
sephora.pl,https://sephora.pl,https://sephora.pl/on/demandware.static/Sites-Sephora_PL-Site/-/default/dwcefbb999/images/favicon.ico,results\extracted_logos\sephora.pl_0_e0cb1c7a95.ico
catsprotectionshop.co.uk,https://catsprotectionshop.co.uk,https://catsprotectionshop.co.uk/acatalog/Cats-Protection-2023.png,results\extracted_logos\catsprotectionshop.co.uk_0_40d85674c0.png
catsprotectionshop.co.uk,https://catsprotectionshop.co.uk,https://catsprotectionshop.co.uk/acatalog/PayPal_logo.png,results\extracted_logos\catsprotectionshop.co.uk_1_1081803ceb.png
catsprotectionshop.co.uk,https://catsprotectionshop.co.uk,https://catsprotectionshop.co.uk/acatalog/FR_RegLogo_HR.jpg,results\extracted_logos\catsprotectionshop.co.uk_2_807b8d5f8e.jpg
kierpensions.co.uk,https://kierpensions.co.uk,https://kierpensions.co.uk/wp-content/uploads/2023/09/KierLogo.svg_.png,results\extracted_logos\kierpensions.co.uk_0_67753106ee.png
kierpensions.co.uk,https://kierpensions.co.uk,https://kierpensions.co.uk/wp-content/uploads/2023/09/Kier-Favicon.png,results\extracted_logos\kierpensions.co.uk_1_64de6100d5.png
ecslupsk.pl,https://ecslupsk.pl,https://ecslupsk.pl/img/favicon.png,results\extracted_logos\ecslupsk.pl_1_200254f157.png
bakertilly.ci,https://bakertilly.ci,https://bakertilly.ci/apple-touch-icon.png,results\extracted_logos\bakertilly.ci_1_b0d09b1a0a.png
chip.pl,https://chip.pl,https://www.chip.pl/favicons/apple-touch-icon.png?v=02,results\extracted_logos\chip.pl_0_6b64cdbd80.png
bakertilly.ky,https://bakertilly.ky,https://bakertilly.ky/apple-touch-icon.png,results\extracted_logos\bakertilly.ky_1_1231e3d5f5.png
actemium.ch,https://actemium.ch,https://www.actemium.ch/app/uploads/sites/174/2021/10/logo-actemium-1.png,results\extracted_logos\actemium.ch_0_62838046b9.png
actemium.ch,https://actemium.ch,https://www.actemium.ch/app/themes/actemium/dist/images/footer-logo_2f3d8943.png,results\extracted_logos\actemium.ch_1_a37131a132.png
actemium.ch,https://actemium.ch,https://actemium.ch/app/themes/actemium/resources/assets/images/favicons/apple-touch-icon.png,results\extracted_logos\actemium.ch_2_27c4eee2b7.png
engie.cl,https://engie.cl,https://www.engie.cl/wp-content/uploads/2021/09/logo-engie-energia.png,results\extracted_logos\engie.cl_0_88708a8e99.png
engie.cl,https://engie.cl,https://www.engie.cl/wp-content/uploads/2025/02/ENGIE-Chile-1-scaled.jpg,results\extracted_logos\engie.cl_1_eff6d0889c.jpg
engie.cl,https://engie.cl,https://www.engie.cl/wp-content/uploads/2022/07/cropped-cropped-engie-ico-300x300-1-32x32.png,results\extracted_logos\engie.cl_2_f2989ece5d.png
taylorfarmsdeli.com,https://taylorfarmsdeli.com,https://taylorfarmsdeli.com/wp-content/themes/TYFDeli/images/tyf_logo.png,results\extracted_logos\taylorfarmsdeli.com_0_ba881a181b.png
fleishmanhillard.cn,https://fleishmanhillard.cn,https://fleishmanhillard.cn/wp-content/uploads/sites/5/2016/04/Inverted-Fleishman-Hillard-logo.png,results\extracted_logos\fleishmanhillard.cn_0_7a0a2074f2.png
fleishmanhillard.cn,https://fleishmanhillard.cn,https://fleishmanhillard.cn/wp-content/themes/fleishmanhillard-sites/images/full-color-logo.jpg,results\extracted_logos\fleishmanhillard.cn_1_0b200a9b32.jpg
fleishmanhillard.cn,https://fleishmanhillard.cn,https://fleishmanhillard.cn/wp-content/themes/fleishmanhillard-sites/images/fh-mark.png,results\extracted_logos\fleishmanhillard.cn_2_9f53de9142.png
grantthornton.com.sv,https://grantthornton.com.sv,https://grantthornton.com.sv/dist/images/grantthornton_logo-57x57.png,results\extracted_logos\grantthornton.com.sv_0_4177378365.png
vkf-renzel.com.tr,https://vkf-renzel.com.tr,https://www.vkf-renzel.com.tr/out/ra-theme/img/logos/30/logo.png,results\extracted_logos\vkf-renzel.com.tr_0_42f8e758ee.png
vkf-renzel.com.tr,https://vkf-renzel.com.tr,https://vkf-renzel.com.tr/cdn/lg/images/misc/2dc2d89782fcd01c/mueller-logo.jpg,results\extracted_logos\vkf-renzel.com.tr_1_f9626ee6dd.jpg
vkf-renzel.com.tr,https://vkf-renzel.com.tr,https://vkf-renzel.com.tr/cdn/lg/images/misc/713fed429b203dd5/tesa-logo.png,results\extracted_logos\vkf-renzel.com.tr_2_efa61a6c75.png
isover.hu,https://isover.hu,https://isover.hu/sites/mac3.isover.hu/files/Isover-logo1.jpg,results\extracted_logos\isover.hu_0_32958d77af.jpg
isover.hu,https://isover.hu,https://isover.hu/sites/mac3.isover.hu/files/2020-10/Saint%20Gobain%20logo.png,results\extracted_logos\isover.hu_1_f5f9938411.png
isover.hu,https://isover.hu,https://isover.hu/sites/mac3.isover.hu/files/Favicon%20isover%20%20new%20%281%29.png,results\extracted_logos\isover.hu_2_05680c6090.png
zktecoma.com,https://zktecoma.com,https://zktecoma.com/wp-content/uploads/2021/01/cropped-favicon-32x32-1-32x32.png,results\extracted_logos\zktecoma.com_0_c50c31e2af.png
sherwin-williams.com.ec,https://sherwin-williams.com.ec,https://www.sherwin.com.ar/wp-content/themes/sherwinwilliams/favicon.ico,results\extracted_logos\sherwin-williams.com.ec_2_e09640c83d.ico
urmet.com.br,https://urmet.com.br,https://urmet.com.br/uploads/Urmet-logo-399CE087F2-seeklogo.coma-4.png,results\extracted_logos\urmet.com.br_0_b09244d232.png
urmet.com.br,https://urmet.com.br,https://urmet.com.br/uploads/instagram-logo.png,results\extracted_logos\urmet.com.br_1_cd3a450af7.png
urmet.com.br,https://urmet.com.br,https://urmet.com.br/uploads/linkedin-logo-6.png,results\extracted_logos\urmet.com.br_2_d4f70bc83a.png
azets.ie,https://azets.ie,https://azets.ie/media/l1ip5jqr/azets-logo.png,results\extracted_logos\azets.ie_0_8d264534e8.png
azets.ie,https://azets.ie,https://azets.ie/favicon.ico,results\extracted_logos\azets.ie_1_602b30a5cd.ico
renaulttersa.com.mx,https://renaulttersa.com.mx,https://renaulttersa.com.mx/wp-content/uploads/2023/06/logo-renautl.png,results\extracted_logos\renaulttersa.com.mx_0_fb60b401cc.png
renaulttersa.com.mx,https://renaulttersa.com.mx,https://renaulttersa.com.mx/wp-content/uploads/2023/06/TERSA-Autos-Footer-Logo.png,results\extracted_logos\renaulttersa.com.mx_1_ed47e8209d.png
renaulttersa.com.mx,https://renaulttersa.com.mx,https://renaulttersa.com.mx/wp-content/uploads/2023/06/favicon-renault-min-150x150.png,results\extracted_logos\renaulttersa.com.mx_2_08d0caf173.png
aamcotulsa-memorial.com,https://aamcotulsa-memorial.com,https://aamcotulsa-memorial.com/images/logo.png,results\extracted_logos\aamcotulsa-memorial.com_0_50ded8ea9a.png
bauder.at,https://bauder.at,https://bauder.at/fileadmin/bauder.at/bilder/LOGOS/Logo_Gruenstattgrau_neg.png,results\extracted_logos\bauder.at_0_8ee33d3c07.png
bauder.at,https://bauder.at,https://bauder.at/fileadmin/bauder.at/bilder/LOGOS/Logo_GALABAU_neg.png,results\extracted_logos\bauder.at_1_2c944f2248.png
bauder.at,https://bauder.at,https://bauder.at/fileadmin/bauder.at/bilder/LOGOS/Logo_VFB_neg.png,results\extracted_logos\bauder.at_2_2e11aad8ac.png
mapfre.pr,https://mapfre.pr,https://mapfre.pr/media/logo-mapfre-2.png,results\extracted_logos\mapfre.pr_1_4ebf76e67c.png
mapfre.pr,https://mapfre.pr,https://mapfre.pr/media/logo-mapfre.png,results\extracted_logos\mapfre.pr_2_30a233a2fa.png
cdu-aldenhoven.de,https://cdu-aldenhoven.de,https://www.cdu-kreis-dueren.de/data/images/2024/03/28/9-6605c978bfba8.png,results\extracted_logos\cdu-aldenhoven.de_0_a73b3f480f.png
cdu-aldenhoven.de,https://cdu-aldenhoven.de,https://www.cdu-kreis-dueren.de/apple-touch-icon.png,results\extracted_logos\cdu-aldenhoven.de_1_bbcf8052d6.png
mazda-autohaus-roessel-birkenau.de,https://mazda-autohaus-roessel-birkenau.de,https://www.assets.mazda-autohaus.de/assets/img/favicons/apple-icon.png,results\extracted_logos\mazda-autohaus-roessel-birkenau.de_0_def3a004d3.png
modshair-nuernberg.de,https://modshair-nuernberg.de,https://www.modshair-nuernberg.de/wp-content/uploads/2023/01/logo-dark.png,results\extracted_logos\modshair-nuernberg.de_0_4803ae3b2f.png
modshair-nuernberg.de,https://modshair-nuernberg.de,https://www.modshair-nuernberg.de/wp-content/uploads/2023/01/Modshair-Schriftzug-Neu-rot.png,results\extracted_logos\modshair-nuernberg.de_1_7898af0e16.png
modshair-nuernberg.de,https://modshair-nuernberg.de,https://www.modshair-nuernberg.de/wp-content/uploads/2022/12/logo-dark2.png,results\extracted_logos\modshair-nuernberg.de_2_95dfce52f8.png
axabreakdown.co.uk,https://axabreakdown.co.uk,https://axabreakdown.co.uk/assets/images/awards_2023_2024.png,results\extracted_logos\axabreakdown.co.uk_1_dfa25e4f1b.png
axabreakdown.co.uk,https://axabreakdown.co.uk,https://axabreakdown.co.uk/assets/images/favicon.ico,results\extracted_logos\axabreakdown.co.uk_2_cae281368d.ico
aamcopasadenatx.com,https://aamcopasadenatx.com,https://aamcopasadenatx.com/images/logo.png,results\extracted_logos\aamcopasadenatx.com_0_040986f813.png
toysrus.com.sg,https://toysrus.com.sg,https://www.toysrus.com.sg/dw/image/v2/BDGJ_PRD/on/demandware.static/-/Library-Sites-ToysRUs_SG_BN/default/dwd85813ff/Toys%22R%22Us/Homepage/Slot%20G%20-%20Feature%20Brands/speedcity-330x330.png?q=75,results\extracted_logos\toysrus.com.sg_1_fe80c2101f.png
toysrus.com.sg,https://toysrus.com.sg,https://www.toysrus.com.sg/dw/image/v2/BDGJ_PRD/on/demandware.static/-/Library-Sites-ToysRUs_SG_BN/default/dw2db7ead0/Toys%22R%22Us/Homepage/Slot%20G%20-%20Feature%20Brands/G1-Featured-brands330X330_paw-patrol.png?q=75,results\extracted_logos\toysrus.com.sg_2_120b0198eb.png
ccusa.com.au,https://ccusa.com.au,https://ccusa.com.au/wp-content/uploads/2023/02/Logo_CCUSA_150-120.jpg,results\extracted_logos\ccusa.com.au_0_ad3c36625a.jpg
ccusa.com.au,https://ccusa.com.au,https://ccusa.com.au/wp-content/uploads/2023/02/ccusa_Logo_wht_tranp.png,results\extracted_logos\ccusa.com.au_1_49aec724e7.png
ccusa.hu,https://ccusa.hu,https://ccusa.hu/wp-content/uploads/2023/02/Logo_CCUSA_150-120.jpg,results\extracted_logos\ccusa.hu_0_b863674538.jpg
ccusa.hu,https://ccusa.hu,https://ccusa.hu/wp-content/uploads/2023/02/ccusa_Logo_wht_tranp.png,results\extracted_logos\ccusa.hu_1_f03afcebf0.png
